<package version="0.0">
  <name>org.openxtalk.widget.svgpath</name>
  <title>SVG Path</title>
  <author>Paul McClernan for OpenXTalk.org</author>
  <version>2.1.3</version>
  <license>community</license>
  <type>widget</type>
  <requires name="com.livecode.library.iconsvg"/>
  <requires name="com.livecode.canvas"/>
  <requires name="com.livecode.library.widgetutils"/>
  <requires name="com.livecode.widget"/>
  <requires name="com.livecode.array"/>
  <requires name="com.livecode.list"/>
  <requires name="com.livecode.arithmetic"/>
  <requires name="com.livecode.binary"/>
  <requires name="com.livecode.logic"/>
  <requires name="com.livecode.string"/>
  <requires name="com.livecode.type"/>
  <requires name="com.livecode.engine"/>
  <metadata key="svgicon">M61.8,0H4C1.8,0,0,1.8,0,4v27.8c0,2.2,1.8,4,4,4h57.8c2.2,0,4-1.8,4-4V4C65.8,1.8,64,0,61.8,0z M20.9,25.3c-1.2,0.9-2.8,1.4-4.9,1.4c-0.8,0-1.6-0.1-2.2-0.2c-0.7-0.1-1.3-0.3-1.9-0.5c-0.1,0.2-0.3,0.4-0.5,0.5s-0.5,0.2-0.8,0.2c-0.6,0-1-0.1-1.2-0.3c-0.2-0.2-0.4-0.6-0.4-1.2l-0.1-3.2v-0.2c0-0.6,0.1-1,0.3-1.3c0.2-0.2,0.6-0.4,1.2-0.4c0.6,0,1.1,0.4,1.5,1.3c0.1,0.2,0.2,0.4,0.2,0.5c0.4,0.7,0.9,1.2,1.5,1.6c0.6,0.4,1.4,0.5,2.4,0.5c0.8,0,1.5-0.2,2-0.5c0.5-0.4,0.7-0.8,0.7-1.5c0-1-1.1-1.7-3.2-2.2c-0.6-0.1-1.1-0.3-1.5-0.4c-1.8-0.5-3-1.1-3.7-1.8c-0.7-0.7-1-1.7-1-2.9c0-1.6,0.6-2.9,1.8-3.9c1.2-1,2.7-1.5,4.6-1.5c0.6,0,1.2,0.1,1.8,0.2c0.6,0.1,1.2,0.3,1.8,0.6c0.1-0.3,0.3-0.5,0.5-0.6c0.2-0.1,0.4-0.2,0.8-0.2c0.5,0,0.9,0.1,1,0.3c0.2,0.2,0.2,0.6,0.3,1.2l0.1,2.7v0.2c0,0.5-0.1,0.9-0.3,1.1c-0.2,0.2-0.6,0.3-1.1,0.3c-0.7,0-1.1-0.4-1.5-1.1c0-0.1-0.1-0.2-0.1-0.2c-0.3-0.6-0.7-1-1.2-1.3c-0.5-0.3-1.1-0.4-1.7-0.4c-0.8,0-1.5,0.2-2,0.6s-0.8,0.9-0.8,1.5c0,0.8,1.2,1.5,3.5,2c0.4,0.1,0.7,0.1,0.9,0.2c1.8,0.4,3.1,1,3.8,1.8c0.8,0.8,1.2,1.9,1.2,3.2C22.6,23.1,22,24.4,20.9,25.3zM40.9,12.5c-0.3,0.3-0.6,0.4-1.1,0.4h-0.2l-4.2,12c-0.2,0.6-0.4,1-0.6,1.1s-0.6,0.2-1.1,0.2h-1.7c-0.8,0-1.4-0.4-1.7-1.3l0-0.1l-4.3-12h-0.2c-0.5,0-0.8-0.1-1.1-0.4s-0.4-0.6-0.4-1.1c0-0.6,0.1-0.9,0.4-1.2s0.7-0.4,1.3-0.4H30c0.6,0,1,0.1,1.3,0.4c0.3,0.2,0.4,0.6,0.4,1.2c0,0.5-0.1,0.9-0.4,1.2c-0.3,0.2-0.7,0.4-1.3,0.4h-0.4l3.3,9.8l3.4-9.8H36c-0.6,0-1-0.1-1.3-0.4c-0.3-0.2-0.4-0.6-0.4-1.2c0-0.5,0.1-0.9,0.4-1.2c0.3-0.2,0.7-0.4,1.3-0.4h3.5c0.6,0,1.1,0.1,1.3,0.4c0.3,0.2,0.4,0.6,0.4,1.2C41.3,11.9,41.2,12.2,40.9,12.5z M57.8,20.6c-0.3,0.3-0.6,0.4-1.1,0.4h-0.2v3.3v0.2c0,0.3,0,0.5-0.1,0.6s-0.2,0.2-0.4,0.4c-0.5,0.3-1.4,0.6-2.5,0.8c-1.1,0.2-2.3,0.4-3.5,0.4c-2.4,0-4.4-0.8-5.9-2.4c-1.5-1.6-2.2-3.7-2.2-6.2c0-2.5,0.8-4.5,2.3-6.2c1.5-1.6,3.4-2.5,5.8-2.5c0.6,0,1.3,0.1,1.9,0.2s1.3,0.4,2,0.7c0.2-0.3,0.4-0.6,0.6-0.7c0.2-0.1,0.4-0.2,0.7-0.2c0.5,0,0.8,0.1,1,0.4c0.2,0.2,0.3,0.6,0.3,1.2l0,3.6c0,0.6-0.1,1.1-0.3,1.3c-0.2,0.2-0.6,0.3-1.1,0.3c-0.4,0-0.7-0.1-0.9-0.3c-0.2-0.2-0.4-0.5-0.5-1C53.3,14,53,13.4,52.5,13s-1.2-0.6-2.2-0.6c-1.4,0-2.5,0.5-3.3,1.4c-0.8,1-1.1,2.3-1.1,4.2s0.4,3.2,1.2,4.2c0.8,1,1.9,1.5,3.4,1.5c0.3,0,0.7,0,1.1-0.1c0.4-0.1,0.9-0.2,1.5-0.4V21h-1.6c-0.6,0-1.1-0.1-1.3-0.3c-0.3-0.2-0.4-0.6-0.4-1.1c0-0.6,0.1-0.9,0.4-1.2s0.7-0.4,1.3-0.4h5c0.6,0,1.1,0.1,1.4,0.3s0.4,0.6,0.4,1.2C58.2,20,58.1,20.4,57.8,20.6z</metadata>
  <metadata key="_ide">false</metadata>
  <metadata key="foregroundColor.editor">com.livecode.pi.color</metadata>
  <metadata key="foregroundColor.default"></metadata>
  <metadata key="foregroundColor.section">Colors</metadata>
  <metadata key="foregroundColor.label">Normal color</metadata>
  <metadata key="hiliteColor.editor">com.livecode.pi.color</metadata>
  <metadata key="hiliteColor.default"></metadata>
  <metadata key="hiliteColor.section">Colors</metadata>
  <metadata key="hiliteColor.label">Hilite color</metadata>
  <metadata key="borderColor.editor">com.livecode.pi.color</metadata>
  <metadata key="borderColor.default">255,0,0</metadata>
  <metadata key="borderColor.section">Colors</metadata>
  <metadata key="borderColor.label">Stroke color</metadata>
  <property name="opaque" get="boolean" set="boolean"/>
  <metadata key="opaque.default">true</metadata>
  <metadata key="opaque.label">opaque</metadata>
  <handler name="setIsFilled" parameters="in boolean" return="any"/>
  <property name="stroked" get="boolean" set="boolean"/>
  <metadata key="stroked.default">true</metadata>
  <metadata key="stroked.label">stroke path</metadata>
  <handler name="setIsStroked" parameters="in boolean" return="any"/>
  <property name="lineSize" get="real" set="number"/>
  <metadata key="lineSize.editor">com.livecode.pi.number</metadata>
  <metadata key="lineSize.default">2</metadata>
  <metadata key="lineSize.label">line thickness</metadata>
  <handler name="setLineSize" parameters="in number" return="nothing"/>
  <property name="iconPresetName" get="string" set="string"/>
  <metadata key="iconPresetName.editor">com.livecode.pi.svgicon</metadata>
  <metadata key="iconPresetName.default">Star</metadata>
  <metadata key="iconPresetName.label">Preset</metadata>
  <property name="iconName" get="string"/>
  <metadata key="iconName.label">Icon Name</metadata>
  <property name="iconPath" get="string" set="string"/>
  <metadata key="iconPath.editor">com.livecode.pi.text</metadata>
  <metadata key="iconPath.label">Path data</metadata>
  <property name="highlight" get="boolean" set="boolean"/>
  <metadata key="highlight.default">false</metadata>
  <metadata key="highlight.label">Hilited</metadata>
  <property name="maintainAspectRatio" get="boolean" set="boolean"/>
  <metadata key="maintainAspectRatio.default">true</metadata>
  <metadata key="maintainAspectRatio.label">Fix aspect ratio</metadata>
  <property name="scaledWidth" get="real"/>
  <property name="scaledHeight" get="real"/>
  <property name="flipped" get="boolean" set="boolean"/>
  <metadata key="flipped.default">false</metadata>
  <metadata key="flipped.label">Flip</metadata>
  <property name="angle" get="real" set="number"/>
  <metadata key="angle.editor">com.livecode.pi.number</metadata>
  <metadata key="angle.default">0</metadata>
  <metadata key="angle.label">Rotation</metadata>
  <handler name="setAngle" parameters="in number" return="nothing"/>
  <property name="fillRule" get="string" set="string"/>
  <metadata key="fillRule.editor">com.livecode.pi.enum</metadata>
  <metadata key="fillRule.options">non-zero,even odd</metadata>
  <metadata key="fillRule.default">non-zero</metadata>
  <metadata key="fillRule.label">Fill rule</metadata>
  <handler name="OnCreate" parameters="" return="any"/>
  <handler name="OnSave" parameters="out array" return="any"/>
  <handler name="OnLoad" parameters="in array" return="any"/>
  <handler name="OnMouseUp" parameters="" return="any"/>
  <handler name="OnMouseDown" parameters="" return="any"/>
  <handler name="OnMouseEnter" parameters="" return="any"/>
  <handler name="OnMouseLeave" parameters="" return="any"/>
  <handler name="setIsHilited" parameters="in boolean" return="any"/>
  <handler name="setMaintainAspectRatio" parameters="in boolean" return="any"/>
  <handler name="setFlipVertically" parameters="in boolean" return="any"/>
  <handler name="setPath" parameters="in string" return="nothing"/>
  <handler name="setPathPreset" parameters="in string" return="nothing"/>
  <handler name="setFillRule" parameters="in string" return="nothing"/>
  <handler name="OnPaint" parameters="" return="any"/>
  <handler name="OnGeometryChanged" parameters="" return="any"/>
</package>